{"cameraMode":{"drawMode":0,"name":"Shaded","section":"Shading Mode"},"sceneLighting":true,"audioPlay":false,"sceneViewState":{"m_AlwaysRefresh":false,"showFog":true,"showSkybox":true,"showFlares":true,"showImageEffects":true,"showParticleSystems":true,"showVisualEffectGraphs":true,"m_FxEnabled":true},"in2DMode":false,"pivot":{"x":367.7362365722656,"y":60.81167221069336,"z":-10.527204513549805},"rotation":{"x":0.14583073556423188,"y":-0.11163696646690369,"z":0.01656579039990902,"w":0.9828542470932007},"size":82.79133605957031,"orthographic":false}