{"cameraMode":{"drawMode":0,"name":"Shaded","section":"Shading Mode"},"sceneLighting":true,"audioPlay":false,"sceneViewState":{"m_AlwaysRefresh":false,"showFog":true,"showSkybox":true,"showFlares":true,"showImageEffects":true,"showParticleSystems":true,"showVisualEffectGraphs":true,"m_FxEnabled":true},"in2DMode":false,"pivot":{"x":-14.87774658203125,"y":2.5712263584136965,"z":19.477678298950197},"rotation":{"x":0.20411531627178193,"y":0.35058778524398806,"z":-0.07858572900295258,"w":0.9106469750404358},"size":1.606417179107666,"orthographic":false}