{"cameraMode":{"drawMode":0,"name":"Shaded","section":"Shading Mode"},"sceneLighting":true,"audioPlay":false,"sceneViewState":{"m_AlwaysRefresh":false,"showFog":true,"showSkybox":true,"showFlares":true,"showImageEffects":true,"showParticleSystems":true,"showVisualEffectGraphs":true,"m_FxEnabled":true},"in2DMode":false,"pivot":{"x":-15.799999237060547,"y":3.3999998569488527,"z":22.100000381469728},"rotation":{"x":0.07123087346553803,"y":0.1060258150100708,"z":-0.00761439511552453,"w":0.9917812943458557},"size":12.12435531616211,"orthographic":true}