{"cameraMode":{"drawMode":0,"name":"Shaded","section":"Shading Mode"},"sceneLighting":true,"audioPlay":false,"sceneViewState":{"m_AlwaysRefresh":false,"showFog":true,"showSkybox":true,"showFlares":true,"showImageEffects":true,"showParticleSystems":true,"showVisualEffectGraphs":true,"m_FxEnabled":true},"in2DMode":false,"pivot":{"x":-15.799999237060547,"y":3.3999998569488527,"z":22.100000381469728},"rotation":{"x":0.13030150532722474,"y":0.12310346961021424,"z":-0.01630641520023346,"w":0.983669102191925},"size":123.32765197753906,"orthographic":true}