{"cameraMode":{"drawMode":0,"name":"Shaded","section":"Shading Mode"},"sceneLighting":false,"audioPlay":false,"sceneViewState":{"m_AlwaysRefresh":false,"showFog":true,"showSkybox":false,"showFlares":true,"showImageEffects":true,"showParticleSystems":true,"showVisualEffectGraphs":true,"m_FxEnabled":true},"in2DMode":false,"pivot":{"x":-2.809999942779541,"y":1.4283251762390137,"z":-3.659336566925049},"rotation":{"x":-0.0024712078738957645,"y":-0.9968395233154297,"z":0.03440462052822113,"w":-0.07159976661205292},"size":1.6803982257843018,"orthographic":false}