{"cameraMode":{"drawMode":0,"name":"Shaded","section":"Shading Mode"},"sceneLighting":true,"audioPlay":false,"sceneViewState":{"m_AlwaysRefresh":false,"showFog":true,"showSkybox":true,"showFlares":true,"showImageEffects":true,"showParticleSystems":true,"showVisualEffectGraphs":true,"m_FxEnabled":true},"in2DMode":false,"pivot":{"x":-21.413612365722658,"y":59.15238952636719,"z":30.726755142211915},"rotation":{"x":0.004815144930034876,"y":-0.9113196730613709,"z":0.4115687608718872,"w":0.01067297626286745},"size":79.56332397460938,"orthographic":false}