{"cameraMode":{"drawMode":0,"name":"Shaded","section":"Shading Mode"},"sceneLighting":true,"audioPlay":false,"sceneViewState":{"m_AlwaysRefresh":false,"showFog":true,"showSkybox":true,"showFlares":true,"showImageEffects":true,"showParticleSystems":true,"showVisualEffectGraphs":true,"m_FxEnabled":true},"in2DMode":false,"pivot":{"x":-49.670135498046878,"y":31.878459930419923,"z":-3.0383455753326418},"rotation":{"x":0.24579787254333497,"y":0.14904990792274476,"z":-0.03827942535281181,"w":0.9570357203483582},"size":100.1794662475586,"orthographic":false}