{"cameraMode":{"drawMode":0,"name":"Shaded","section":"Shading Mode"},"sceneLighting":true,"audioPlay":false,"sceneViewState":{"m_AlwaysRefresh":false,"showFog":true,"showSkybox":true,"showFlares":true,"showImageEffects":true,"showParticleSystems":true,"showVisualEffectGraphs":true,"m_FxEnabled":true},"in2DMode":false,"pivot":{"x":102.99832916259766,"y":111.30198669433594,"z":-82.0011978149414},"rotation":{"x":0.27488186955451968,"y":-0.3901255428791046,"z":0.12324884533882141,"w":0.8700917959213257},"size":161.14878845214845,"orthographic":true}