{"cameraMode":{"drawMode":0,"name":"Shaded","section":"Shading Mode"},"sceneLighting":true,"audioPlay":false,"sceneViewState":{"m_AlwaysRefresh":false,"showFog":true,"showSkybox":true,"showFlares":true,"showImageEffects":true,"showParticleSystems":true,"showVisualEffectGraphs":true,"m_FxEnabled":true},"in2DMode":false,"pivot":{"x":-14.881414413452149,"y":3.053964138031006,"z":19.617773056030275},"rotation":{"x":-0.005203541833907366,"y":-0.889695942401886,"z":-0.010144885629415512,"w":0.4564165771007538},"size":1.2500076293945313,"orthographic":false}