{"cameraMode":{"drawMode":0,"name":"Shaded","section":"Shading Mode"},"sceneLighting":true,"audioPlay":false,"sceneViewState":{"m_AlwaysRefresh":false,"showFog":true,"showSkybox":true,"showFlares":true,"showImageEffects":true,"showParticleSystems":true,"showVisualEffectGraphs":true,"m_FxEnabled":true},"in2DMode":false,"pivot":{"x":350.1275939941406,"y":194.82762145996095,"z":-49.79534912109375},"rotation":{"x":-0.03688056394457817,"y":0.025480614975094796,"z":0.000943792867474258,"w":0.9989982843399048},"size":102.6921157836914,"orthographic":true}